{
  "best_model": "logistic_regression",
  "results": [
    {
      "model": "logistic_regression",
      "best_params": {
        "model__C": 0.1,
        "model__solver": "liblinear"
      },
      "accuracy": 0.8852459016393442,
      "precision": 0.8387096774193549,
      "recall": 0.9285714285714286,
      "f1": 0.8813559322033899,
      "roc_auc": 0.9621212121212122,
      "cv_roc_auc": 0.9150971520763187
    },
    {
      "model": "random_forest",
      "best_params": {
        "model__max_depth": 3,
        "model__n_estimators": 100
      },
      "accuracy": 0.8852459016393442,
      "precision": 0.8620689655172413,
      "recall": 0.8928571428571429,
      "f1": 0.8771929824561403,
      "roc_auc": 0.9523809523809523,
      "cv_roc_auc": 0.908179012345679
    }
  ]
}